[  
   [  
      "Layer",
      {  
         "applyMatrix":true,
         "children":[  
            [  
               "Group",
               {  
                  "name":"Layer_1",
                  "applyMatrix":true,
                  "children":[  
                     [  
                        "Group",
                        {  
                           "applyMatrix":true,
                           "children":[  
                              [  
                                 "CompoundPath",
                                 {  
                                    "applyMatrix":true,
                                    "children":[  
                                       [  
                                          "Path",
                                          {  
                                             "name":"led-yellow-0805-smd",
                                             "applyMatrix":true,
                                             "pivot":[  
                                                472.7,
                                                465.75
                                             ],
                                             "selected":true,
                                             "segments":[  
                                                [  
                                                   479.05,
                                                   462.55
                                                ],
                                                [  
                                                   [  
                                                      479.05,
                                                      462.55
                                                   ],
                                                   [  
                                                      0,
                                                      0
                                                   ],
                                                   [  
                                                      0,
                                                      -3.5
                                                   ]
                                                ],
                                                [  
                                                   [  
                                                      472.65,
                                                      456.15
                                                   ],
                                                   [  
                                                      3.5,
                                                      0
                                                   ],
                                                   [  
                                                      -3.6,
                                                      0
                                                   ]
                                                ],
                                                [  
                                                   [  
                                                      466.25,
                                                      462.55
                                                   ],
                                                   [  
                                                      0,
                                                      -3.5
                                                   ],
                                                   [  
                                                      0,
                                                      0
                                                   ]
                                                ],
                                                [  
                                                   466.25,
                                                   462.55
                                                ],
                                                [  
                                                   466.25,
                                                   475.35
                                                ],
                                                [  
                                                   479.15,
                                                   475.35
                                                ],
                                                [  
                                                   479.15,
                                                   462.55
                                                ]
                                             ],
                                             "closed":true,
                                             "fillColor":[  
                                                0,
                                                0,
                                                0,
                                                1
                                             ],
                                             "strokeColor":null,
                                             "miterLimit":4,
                                             "fontFamily":"'Helvetica Neue', Helvetica, Arial, sans-serif",
                                             "fontSize":14,
                                             "font":"'Helvetica Neue', Helvetica, Arial, sans-serif",
                                             "leading":16.8
                                          }
                                       ]
                                    ],
                                    "fillColor":[  
                                       0.7451,
                                       0.11765,
                                       0.17647
                                    ],
                                    "strokeColor":[  
                                       0,
                                       0,
                                       0
                                    ],
                                    "strokeWidth":1.02208,
                                    "miterLimit":4,
                                    "shadowColor":[  
                                       0.2,
                                       0.2,
                                       0.2
                                    ],
                                    "shadowBlur":2.04416,
                                    "shadowOffset":[  
                                       0.51104,
                                       0.51104
                                    ],
                                    "fontFamily":"'Helvetica Neue', Helvetica, Arial, sans-serif",
                                    "fontSize":14,
                                    "font":"'Helvetica Neue', Helvetica, Arial, sans-serif",
                                    "leading":16.8
                                 }
                              ]
                           ]
                        }
                     ],
                     [  
                        "Path",
                        {  
                           "name":"battery",
                           "applyMatrix":true,
                           "pivot":[  
                              476.65,
                              351.8
                           ],
                           "segments":[  
                              [  
                                 516.35,
                                 348.95
                              ],
                              [  
                                 [  
                                    516.35,
                                    337.55
                                 ],
                                 [  
                                    0,
                                    0
                                 ],
                                 [  
                                    0,
                                    -4.7
                                 ]
                              ],
                              [  
                                 [  
                                    507.95,
                                    329.15
                                 ],
                                 [  
                                    4.6,
                                    0
                                 ],
                                 [  
                                    0,
                                    0
                                 ]
                              ],
                              [  
                                 [  
                                    445.45,
                                    329.15
                                 ],
                                 [  
                                    0,
                                    0
                                 ],
                                 [  
                                    -4.7,
                                    0
                                 ]
                              ],
                              [  
                                 [  
                                    437.05,
                                    337.55
                                 ],
                                 [  
                                    0,
                                    -4.6
                                 ],
                                 [  
                                    0,
                                    0
                                 ]
                              ],
                              [  
                                 437.05,
                                 348.95
                              ],
                              [  
                                 437.05,
                                 354.65
                              ],
                              [  
                                 [  
                                    437.05,
                                    366.05
                                 ],
                                 [  
                                    0,
                                    0
                                 ],
                                 [  
                                    0,
                                    4.7
                                 ]
                              ],
                              [  
                                 [  
                                    445.45,
                                    374.45
                                 ],
                                 [  
                                    -4.6,
                                    0
                                 ],
                                 [  
                                    0,
                                    0
                                 ]
                              ],
                              [  
                                 [  
                                    507.85,
                                    374.45
                                 ],
                                 [  
                                    0,
                                    0
                                 ],
                                 [  
                                    4.7,
                                    0
                                 ]
                              ],
                              [  
                                 [  
                                    516.25,
                                    366.05
                                 ],
                                 [  
                                    0,
                                    4.6
                                 ],
                                 [  
                                    0,
                                    0
                                 ]
                              ],
                              [  
                                 515.91667,
                                 354.65
                              ]
                           ],
                           "closed":true,
                           "fillColor":[  
                              0.3451,
                              0.34902,
                              0.35686
                           ],
                           "strokeColor":[  
                              0,
                              0,
                              0
                           ],
                           "strokeWidth":1.02208,
                           "miterLimit":4,
                           "shadowColor":[  
                              0.2,
                              0.2,
                              0.2
                           ],
                           "shadowBlur":2.04416,
                           "shadowOffset":[  
                              0.51104,
                              0.51104
                           ],
                           "fontFamily":"'Helvetica Neue', Helvetica, Arial, sans-serif",
                           "fontSize":14,
                           "font":"'Helvetica Neue', Helvetica, Arial, sans-serif",
                           "leading":16.8
                        }
                     ],
                     [  
                        "Path",
                        {  
                           "name":"trace",
                           "applyMatrix":true,
                           "pivot":[  
                              416.06023,
                              410.85
                           ],
                           "segments":[  
                              [  
                                 435.85,
                                 352.65
                              ],
                              [  
                                 [  
                                    370.15,
                                    383.25
                                 ],
                                 [  
                                    -21.2,
                                    -12.7
                                 ],
                                 [  
                                    21.2,
                                    12.7
                                 ]
                              ],
                              [  
                                 [  
                                    443.05,
                                    407.05
                                 ],
                                 [  
                                    6,
                                    -21.2
                                 ],
                                 [  
                                    -6,
                                    21.2
                                 ]
                              ],
                              [  
                                 [  
                                    385.85,
                                    437.35
                                 ],
                                 [  
                                    -5.4,
                                    -31
                                 ],
                                 [  
                                    5.4,
                                    31
                                 ]
                              ],
                              [  
                                 465.75,
                                 469.05
                              ]
                           ],
                           "fillColor":null,
                           "strokeColor":[  
                              0,
                              0,
                              0
                           ],
                           "strokeWidth":2.90179,
                           "shadowColor":[  
                              0.2,
                              0.2,
                              0.2
                           ],
                           "shadowBlur":5.80358,
                           "shadowOffset":[  
                              1.4509,
                              1.4509
                           ],
                           "fontFamily":"'Helvetica Neue', Helvetica, Arial, sans-serif",
                           "fontSize":14,
                           "font":"'Helvetica Neue', Helvetica, Arial, sans-serif",
                           "leading":16.8
                        }
                     ],
                     [  
                        "Path",
                        {  
                           "name": "trace",
                           "applyMatrix":true,
                           "pivot":[  
                              529.24596,
                              410.29944
                           ],
                           "segments":[  
                              [  
                                 516.21667,
                                 353.65
                              ],
                              [  
                                 [  
                                    575.25,
                                    385.25
                                 ],
                                 [  
                                    21.2,
                                    -12.7
                                 ],
                                 [  
                                    -21.2,
                                    12.7
                                 ]
                              ],
                              [  
                                 [  
                                    502.35,
                                    409.15
                                 ],
                                 [  
                                    -5.9,
                                    -21.3
                                 ],
                                 [  
                                    5.9,
                                    21.3
                                 ]
                              ],
                              [  
                                 [  
                                    559.55,
                                    439.35
                                 ],
                                 [  
                                    5.5,
                                    -31
                                 ],
                                 [  
                                    -5.5,
                                    31
                                 ]
                              ],
                              [  
                                 479.65,
                                 467.55
                              ]
                           ],
                           "fillColor":null,
                           "strokeColor":[  
                              0,
                              0,
                              0
                           ],
                           "strokeWidth":2.90179,
                           "shadowColor":[  
                              0.2,
                              0.2,
                              0.2
                           ],
                           "shadowBlur":5.80358,
                           "shadowOffset":[  
                              1.4509,
                              1.4509
                           ],
                           "fontFamily":"'Helvetica Neue', Helvetica, Arial, sans-serif",
                           "fontSize":14,
                           "font":"'Helvetica Neue', Helvetica, Arial, sans-serif",
                           "leading":16.8
                        }
                     ]
                  ]
               }
            ]
         ]
      }
   ]
]