[  
   [  
      "Layer",
      {  
         "applyMatrix":true,
         "children":[  
            [  
               "Group",
               {  
                  "name":"parallel_x5F_circuit_x5F_5leds",
                  "applyMatrix":true,
                  "children":[  
                     [  
                        "Path",
                        {  
                           "name":"trace",
                           "applyMatrix":true,
                           "pivot":[  
                              356.9,
                              317.21137
                           ],
                           "segments":[  
                              [  
                                 337.35,
                                 317.21137
                              ],
                              [  
                                 376.45,
                                 317.21137
                              ]
                           ],
                           "fillColor":null,
                           "strokeColor":[  
                              0.00392,
                              0.00392,
                              0.00392
                           ],
                           "strokeWidth":2,
                           "strokeCap":"round",
                           "shadowColor":[  
                              0.2,
                              0.2,
                              0.2
                           ],
                           "shadowBlur":2,
                           "shadowOffset":[  
                              1,
                              1
                           ],
                           "fontFamily":"'Helvetica Neue', Helvetica, Arial, sans-serif",
                           "fontSize":14,
                           "font":"'Helvetica Neue', Helvetica, Arial, sans-serif",
                           "leading":16.8
                        }
                     ],
                     [  
                        "Path",
                        {  
                           "name":"trace",
                           "applyMatrix":true,
                           "pivot":[  
                              395.7,
                              290.41137
                           ],
                           "segments":[  
                              [  
                                 376.15,
                                 290.41137
                              ],
                              [  
                                 415.25,
                                 290.41137
                              ]
                           ],
                           "fillColor":null,
                           "strokeColor":[  
                              0.00392,
                              0.00392,
                              0.00392
                           ],
                           "strokeWidth":2,
                           "strokeCap":"round",
                           "shadowColor":[  
                              0.2,
                              0.2,
                              0.2
                           ],
                           "shadowBlur":2,
                           "shadowOffset":[  
                              1,
                              1
                           ],
                           "fontFamily":"'Helvetica Neue', Helvetica, Arial, sans-serif",
                           "fontSize":14,
                           "font":"'Helvetica Neue', Helvetica, Arial, sans-serif",
                           "leading":16.8
                        }
                     ],
                     [  
                        "Path",
                        {  
                           "name":"trace",
                           "applyMatrix":true,
                           "pivot":[  
                              356.9,
                              353.91137
                           ],
                           "segments":[  
                              [  
                                 337.35,
                                 353.91137
                              ],
                              [  
                                 376.45,
                                 353.91137
                              ]
                           ],
                           "fillColor":null,
                           "strokeColor":[  
                              0.00392,
                              0.00392,
                              0.00392
                           ],
                           "strokeWidth":2,
                           "strokeCap":"round",
                           "shadowColor":[  
                              0.2,
                              0.2,
                              0.2
                           ],
                           "shadowBlur":2,
                           "shadowOffset":[  
                              1,
                              1
                           ],
                           "fontFamily":"'Helvetica Neue', Helvetica, Arial, sans-serif",
                           "fontSize":14,
                           "font":"'Helvetica Neue', Helvetica, Arial, sans-serif",
                           "leading":16.8
                        }
                     ],
                     [  
                        "Path",
                        {  
                           "name":"trace",
                           "applyMatrix":true,
                           "pivot":[  
                              395.7,
                              327.21137
                           ],
                           "segments":[  
                              [  
                                 376.15,
                                 327.21137
                              ],
                              [  
                                 415.25,
                                 327.21137
                              ]
                           ],
                           "fillColor":null,
                           "strokeColor":[  
                              0.00392,
                              0.00392,
                              0.00392
                           ],
                           "strokeWidth":2,
                           "strokeCap":"round",
                           "shadowColor":[  
                              0.2,
                              0.2,
                              0.2
                           ],
                           "shadowBlur":2,
                           "shadowOffset":[  
                              1,
                              1
                           ],
                           "fontFamily":"'Helvetica Neue', Helvetica, Arial, sans-serif",
                           "fontSize":14,
                           "font":"'Helvetica Neue', Helvetica, Arial, sans-serif",
                           "leading":16.8
                        }
                     ],
                     [  
                        "Path",
                        {  
                           "name":"trace",
                           "applyMatrix":true,
                           "pivot":[  
                              356.9,
                              390.71137
                           ],
                           "segments":[  
                              [  
                                 337.35,
                                 390.71137
                              ],
                              [  
                                 376.45,
                                 390.71137
                              ]
                           ],
                           "fillColor":null,
                           "strokeColor":[  
                              0.00392,
                              0.00392,
                              0.00392
                           ],
                           "strokeWidth":2,
                           "strokeCap":"round",
                           "shadowColor":[  
                              0.2,
                              0.2,
                              0.2
                           ],
                           "shadowBlur":2,
                           "shadowOffset":[  
                              1,
                              1
                           ],
                           "fontFamily":"'Helvetica Neue', Helvetica, Arial, sans-serif",
                           "fontSize":14,
                           "font":"'Helvetica Neue', Helvetica, Arial, sans-serif",
                           "leading":16.8
                        }
                     ],
                     [  
                        "Path",
                        {  
                           "name":"trace",
                           "applyMatrix":true,
                           "pivot":[  
                              395.7,
                              363.91137
                           ],
                           "segments":[  
                              [  
                                 376.15,
                                 363.91137
                              ],
                              [  
                                 415.25,
                                 363.91137
                              ]
                           ],
                           "fillColor":null,
                           "strokeColor":[  
                              0.00392,
                              0.00392,
                              0.00392
                           ],
                           "strokeWidth":2,
                           "strokeCap":"round",
                           "shadowColor":[  
                              0.2,
                              0.2,
                              0.2
                           ],
                           "shadowBlur":2,
                           "shadowOffset":[  
                              1,
                              1
                           ],
                           "fontFamily":"'Helvetica Neue', Helvetica, Arial, sans-serif",
                           "fontSize":14,
                           "font":"'Helvetica Neue', Helvetica, Arial, sans-serif",
                           "leading":16.8
                        }
                     ],
                     [  
                        "Path",
                        {  
                           "name":"trace",
                           "applyMatrix":true,
                           "pivot":[  
                              356.9,
                              427.41137
                           ],
                           "segments":[  
                              [  
                                 337.35,
                                 427.41137
                              ],
                              [  
                                 376.45,
                                 427.41137
                              ]
                           ],
                           "fillColor":null,
                           "strokeColor":[  
                              0.00392,
                              0.00392,
                              0.00392
                           ],
                           "strokeWidth":2,
                           "strokeCap":"round",
                           "shadowColor":[  
                              0.2,
                              0.2,
                              0.2
                           ],
                           "shadowBlur":2,
                           "shadowOffset":[  
                              1,
                              1
                           ],
                           "fontFamily":"'Helvetica Neue', Helvetica, Arial, sans-serif",
                           "fontSize":14,
                           "font":"'Helvetica Neue', Helvetica, Arial, sans-serif",
                           "leading":16.8
                        }
                     ],
                     [  
                        "Path",
                        {  
                           "name":"trace",
                           "applyMatrix":true,
                           "pivot":[  
                              395.7,
                              400.71137
                           ],
                           "segments":[  
                              [  
                                 376.15,
                                 400.71137
                              ],
                              [  
                                 415.25,
                                 400.71137
                              ]
                           ],
                           "fillColor":null,
                           "strokeColor":[  
                              0.00392,
                              0.00392,
                              0.00392
                           ],
                           "strokeWidth":2,
                           "strokeCap":"round",
                           "shadowColor":[  
                              0.2,
                              0.2,
                              0.2
                           ],
                           "shadowBlur":2,
                           "shadowOffset":[  
                              1,
                              1
                           ],
                           "fontFamily":"'Helvetica Neue', Helvetica, Arial, sans-serif",
                           "fontSize":14,
                           "font":"'Helvetica Neue', Helvetica, Arial, sans-serif",
                           "leading":16.8
                        }
                     ],
                     [  
                        "Path",
                        {  
                           "name":"trace",
                           "applyMatrix":true,
                           "pivot":[  
                              356.9,
                              464.21137
                           ],
                           "segments":[  
                              [  
                                 337.35,
                                 464.21137
                              ],
                              [  
                                 376.45,
                                 464.21137
                              ]
                           ],
                           "fillColor":null,
                           "strokeColor":[  
                              0.00392,
                              0.00392,
                              0.00392
                           ],
                           "strokeWidth":2,
                           "strokeCap":"round",
                           "shadowColor":[  
                              0.2,
                              0.2,
                              0.2
                           ],
                           "shadowBlur":2,
                           "shadowOffset":[  
                              1,
                              1
                           ],
                           "fontFamily":"'Helvetica Neue', Helvetica, Arial, sans-serif",
                           "fontSize":14,
                           "font":"'Helvetica Neue', Helvetica, Arial, sans-serif",
                           "leading":16.8
                        }
                     ],
                     [  
                        "Path",
                        {  
                           "name":"trace",
                           "applyMatrix":true,
                           "pivot":[  
                              395.7,
                              437.41137
                           ],
                           "segments":[  
                              [  
                                 376.15,
                                 437.41137
                              ],
                              [  
                                 415.25,
                                 437.41137
                              ]
                           ],
                           "fillColor":null,
                           "strokeColor":[  
                              0.00392,
                              0.00392,
                              0.00392
                           ],
                           "strokeWidth":2,
                           "strokeCap":"round",
                           "shadowColor":[  
                              0.2,
                              0.2,
                              0.2
                           ],
                           "shadowBlur":2,
                           "shadowOffset":[  
                              1,
                              1
                           ],
                           "fontFamily":"'Helvetica Neue', Helvetica, Arial, sans-serif",
                           "fontSize":14,
                           "font":"'Helvetica Neue', Helvetica, Arial, sans-serif",
                           "leading":16.8
                        }
                     ],
                     [  
                        "Path",
                        {  
                           "name":"trace",
                           "applyMatrix":true,
                           "pivot":[  
                              337.35,
                              365.71137
                           ],
                           "segments":[  
                              [  
                                 337.35,
                                 464.21137
                              ],
                              [  
                                 337.35,
                                 267.21137
                              ]
                           ],
                           "fillColor":null,
                           "strokeColor":[  
                              0.00392,
                              0.00392,
                              0.00392
                           ],
                           "strokeWidth":2,
                           "strokeCap":"round",
                           "shadowColor":[  
                              0.2,
                              0.2,
                              0.2
                           ],
                           "shadowBlur":2,
                           "shadowOffset":[  
                              1,
                              1
                           ],
                           "fontFamily":"'Helvetica Neue', Helvetica, Arial, sans-serif",
                           "fontSize":14,
                           "font":"'Helvetica Neue', Helvetica, Arial, sans-serif",
                           "leading":16.8
                        }
                     ],
                     [  
                        "Path",
                        {  
                           "name":"sticker_led",
                           "applyMatrix":true,
                           "pivot":[  
                              376.15482,
                              450.95
                           ],
                           "segments":[  
                              [  
                                 376.45,
                                 436.61137
                              ],
                              [  
                                 [  
                                    361.35,
                                    462.81137
                                 ],
                                 [  
                                    -7.8,
                                    -4.2
                                 ],
                                 [  
                                    6.7,
                                    3.5
                                 ]
                              ],
                              [  
                                 [  
                                    391.65,
                                    462.81137
                                 ],
                                 [  
                                    -5.4,
                                    3.1
                                 ],
                                 [  
                                    5.5,
                                    -3.8
                                 ]
                              ]
                           ],
                           "closed":true,
                           "fillColor":[  
                              0.97255,
                              0.58431,
                              0.12941
                           ],
                           "strokeColor":[  
                              0.97255,
                              0.58431,
                              0.12941
                           ],
                           "strokeWidth":2,
                           "strokeCap":"round",
                           "shadowColor":[  
                              0.2,
                              0.2,
                              0.2
                           ],
                           "shadowBlur":2,
                           "shadowOffset":[  
                              1,
                              1
                           ],
                           "fontFamily":"'Helvetica Neue', Helvetica, Arial, sans-serif",
                           "fontSize":14,
                           "font":"'Helvetica Neue', Helvetica, Arial, sans-serif",
                           "leading":16.8
                        }
                     ],
                     [  
                        "Path",
                        {  
                           "name":"sticker_led",
                           "applyMatrix":true,
                           "pivot":[  
                              376.15482,
                              414.25
                           ],
                           "segments":[  
                              [  
                                 376.45,
                                 399.91137
                              ],
                              [  
                                 [  
                                    361.35,
                                    426.11137
                                 ],
                                 [  
                                    -7.8,
                                    -4.2
                                 ],
                                 [  
                                    6.7,
                                    3.5
                                 ]
                              ],
                              [  
                                 [  
                                    391.65,
                                    426.11137
                                 ],
                                 [  
                                    -5.4,
                                    3.1
                                 ],
                                 [  
                                    5.5,
                                    -3.8
                                 ]
                              ]
                           ],
                           "closed":true,
                           "fillColor":[  
                              0.97255,
                              0.58431,
                              0.12941
                           ],
                           "strokeColor":[  
                              0.97255,
                              0.58431,
                              0.12941
                           ],
                           "strokeWidth":2,
                           "strokeCap":"round",
                           "shadowColor":[  
                              0.2,
                              0.2,
                              0.2
                           ],
                           "shadowBlur":2,
                           "shadowOffset":[  
                              1,
                              1
                           ],
                           "fontFamily":"'Helvetica Neue', Helvetica, Arial, sans-serif",
                           "fontSize":14,
                           "font":"'Helvetica Neue', Helvetica, Arial, sans-serif",
                           "leading":16.8
                        }
                     ],
                     [  
                        "Path",
                        {  
                           "name":"sticker_led",
                           "applyMatrix":true,
                           "pivot":[  
                              376.15482,
                              377.45
                           ],
                           "segments":[  
                              [  
                                 376.45,
                                 363.11137
                              ],
                              [  
                                 [  
                                    361.35,
                                    389.31137
                                 ],
                                 [  
                                    -7.8,
                                    -4.2
                                 ],
                                 [  
                                    6.7,
                                    3.5
                                 ]
                              ],
                              [  
                                 [  
                                    391.65,
                                    389.31137
                                 ],
                                 [  
                                    -5.4,
                                    3.1
                                 ],
                                 [  
                                    5.5,
                                    -3.8
                                 ]
                              ]
                           ],
                           "closed":true,
                           "fillColor":[  
                              0.97255,
                              0.58431,
                              0.12941
                           ],
                           "strokeColor":[  
                              0.97255,
                              0.58431,
                              0.12941
                           ],
                           "strokeWidth":2,
                           "strokeCap":"round",
                           "shadowColor":[  
                              0.2,
                              0.2,
                              0.2
                           ],
                           "shadowBlur":2,
                           "shadowOffset":[  
                              1,
                              1
                           ],
                           "fontFamily":"'Helvetica Neue', Helvetica, Arial, sans-serif",
                           "fontSize":14,
                           "font":"'Helvetica Neue', Helvetica, Arial, sans-serif",
                           "leading":16.8
                        }
                     ],
                     [  
                        "Path",
                        {  
                           "name":"sticker_led",
                           "applyMatrix":true,
                           "pivot":[  
                              376.15482,
                              340.75
                           ],
                           "segments":[  
                              [  
                                 376.45,
                                 326.41137
                              ],
                              [  
                                 [  
                                    361.35,
                                    352.61137
                                 ],
                                 [  
                                    -7.8,
                                    -4.2
                                 ],
                                 [  
                                    6.7,
                                    3.5
                                 ]
                              ],
                              [  
                                 [  
                                    391.65,
                                    352.61137
                                 ],
                                 [  
                                    -5.4,
                                    3.1
                                 ],
                                 [  
                                    5.5,
                                    -3.8
                                 ]
                              ]
                           ],
                           "closed":true,
                           "fillColor":[  
                              0.97255,
                              0.58431,
                              0.12941
                           ],
                           "strokeColor":[  
                              0.97255,
                              0.58431,
                              0.12941
                           ],
                           "strokeWidth":2,
                           "strokeCap":"round",
                           "shadowColor":[  
                              0.2,
                              0.2,
                              0.2
                           ],
                           "shadowBlur":2,
                           "shadowOffset":[  
                              1,
                              1
                           ],
                           "fontFamily":"'Helvetica Neue', Helvetica, Arial, sans-serif",
                           "fontSize":14,
                           "font":"'Helvetica Neue', Helvetica, Arial, sans-serif",
                           "leading":16.8
                        }
                     ],
                     [  
                        "Path",
                        {  
                           "name":"sticker_led",
                           "applyMatrix":true,
                           "pivot":[  
                              376.15482,
                              303.95
                           ],
                           "segments":[  
                              [  
                                 376.45,
                                 289.61137
                              ],
                              [  
                                 [  
                                    361.35,
                                    315.81137
                                 ],
                                 [  
                                    -7.8,
                                    -4.2
                                 ],
                                 [  
                                    6.7,
                                    3.5
                                 ]
                              ],
                              [  
                                 [  
                                    391.65,
                                    315.81137
                                 ],
                                 [  
                                    -5.4,
                                    3.1
                                 ],
                                 [  
                                    5.5,
                                    -3.8
                                 ]
                              ]
                           ],
                           "closed":true,
                           "fillColor":[  
                              0.97255,
                              0.58431,
                              0.12941
                           ],
                           "strokeColor":[  
                              0.97255,
                              0.58431,
                              0.12941
                           ],
                           "strokeWidth":2,
                           "strokeCap":"round",
                           "shadowColor":[  
                              0.2,
                              0.2,
                              0.2
                           ],
                           "shadowBlur":2,
                           "shadowOffset":[  
                              1,
                              1
                           ],
                           "fontFamily":"'Helvetica Neue', Helvetica, Arial, sans-serif",
                           "fontSize":14,
                           "font":"'Helvetica Neue', Helvetica, Arial, sans-serif",
                           "leading":16.8
                        }
                     ],
                     [  
                        "Shape",
                        {  
                           "name":"battery",
                           "applyMatrix":false,
                           "matrix":[  
                              1,
                              0,
                              0,
                              1,
                              376.15,
                              267.21137
                           ],
                           "pivot":[  
                              376.15,
                              267.21137
                           ],
                           "type":"circle",
                           "size":[  
                              35.4,
                              35.4
                           ],
                           "radius":17.7,
                           "fillColor":[  
                              0.81961,
                              0.82745,
                              0.83137
                           ],
                           "strokeColor":null,
                           "strokeWidth":2,
                           "strokeCap":"round",
                           "miterLimit":4,
                           "shadowColor":[  
                              0.2,
                              0.2,
                              0.2
                           ],
                           "shadowBlur":2,
                           "shadowOffset":[  
                              1,
                              1
                           ],
                           "fontFamily":"'Helvetica Neue', Helvetica, Arial, sans-serif",
                           "fontSize":14,
                           "font":"'Helvetica Neue', Helvetica, Arial, sans-serif",
                           "leading":16.8
                        }
                     ],
                     [  
                        "Path",
                        {  
                           "name":"trace",
                           "applyMatrix":true,
                           "pivot":[  
                              350.35,
                              267.21137
                           ],
                           "segments":[  
                              [  
                                 337.35,
                                 267.21137
                              ],
                              [  
                                 363.35,
                                 267.21137
                              ]
                           ],
                           "fillColor":null,
                           "strokeColor":[  
                              0.00392,
                              0.00392,
                              0.00392
                           ],
                           "strokeWidth":2,
                           "strokeCap":"round",
                           "shadowColor":[  
                              0.2,
                              0.2,
                              0.2
                           ],
                           "shadowBlur":2,
                           "shadowOffset":[  
                              1,
                              1
                           ],
                           "fontFamily":"'Helvetica Neue', Helvetica, Arial, sans-serif",
                           "fontSize":14,
                           "font":"'Helvetica Neue', Helvetica, Arial, sans-serif",
                           "leading":16.8
                        }
                     ],
                     [  
                        "Path",
                        {  
                           "name":"trace",
                           "applyMatrix":true,
                           "pivot":[  
                              415.25,
                              352.31137
                           ],
                           "segments":[  
                              [  
                                 415.25,
                                 437.41137
                              ],
                              [  
                                 415.25,
                                 267.21137
                              ]
                           ],
                           "fillColor":null,
                           "strokeColor":[  
                              0.00392,
                              0.00392,
                              0.00392
                           ],
                           "strokeWidth":2,
                           "strokeCap":"round",
                           "shadowColor":[  
                              0.2,
                              0.2,
                              0.2
                           ],
                           "shadowBlur":2,
                           "shadowOffset":[  
                              1,
                              1
                           ],
                           "fontFamily":"'Helvetica Neue', Helvetica, Arial, sans-serif",
                           "fontSize":14,
                           "font":"'Helvetica Neue', Helvetica, Arial, sans-serif",
                           "leading":16.8
                        }
                     ],
                     [  
                        "Path",
                        {  
                           "name":"trace",
                           "applyMatrix":true,
                           "pivot":[  
                              402.2,
                              267.21137
                           ],
                           "segments":[  
                              [  
                                 415.25,
                                 267.21137
                              ],
                              [  
                                 389.15,
                                 267.21137
                              ]
                           ],
                           "fillColor":null,
                           "strokeColor":[  
                              0.00392,
                              0.00392,
                              0.00392
                           ],
                           "strokeWidth":2,
                           "strokeCap":"round",
                           "shadowColor":[  
                              0.2,
                              0.2,
                              0.2
                           ],
                           "shadowBlur":2,
                           "shadowOffset":[  
                              1,
                              1
                           ],
                           "fontFamily":"'Helvetica Neue', Helvetica, Arial, sans-serif",
                           "fontSize":14,
                           "font":"'Helvetica Neue', Helvetica, Arial, sans-serif",
                           "leading":16.8
                        }
                     ]
                  ]
               }
            ]
         ]
      }
   ]
]